{"cameraMode":{"drawMode":0,"name":"Shaded","section":"Shading Mode"},"sceneLighting":true,"audioPlay":false,"sceneViewState":{"m_AlwaysRefresh":false,"showFog":true,"showSkybox":false,"showFlares":true,"showImageEffects":true,"showParticleSystems":true,"showVisualEffectGraphs":true,"m_FxEnabled":true},"in2DMode":false,"pivot":{"x":1.7779877185821534,"y":1.829984188079834,"z":-0.869968831539154},"rotation":{"x":0.34301698207855227,"y":-0.4487003982067108,"z":0.19169464707374574,"w":0.8027322888374329},"size":0.17320503294467927,"orthographic":false}