{"cameraMode":{"drawMode":0,"name":"Shaded","section":"Shading Mode"},"sceneLighting":false,"audioPlay":false,"sceneViewState":{"m_AlwaysRefresh":false,"showFog":true,"showSkybox":false,"showFlares":true,"showImageEffects":true,"showParticleSystems":true,"showVisualEffectGraphs":true,"m_FxEnabled":true},"in2DMode":false,"pivot":{"x":-0.9922448396682739,"y":-1.3732935190200806,"z":0.26433438062667849},"rotation":{"x":-0.26440128684043887,"y":0.6833558678627014,"z":-0.29439470171928408,"w":-0.6136257648468018},"size":1.9023935794830323,"orthographic":false}